{"Monterey, CA": [36.600256, -121.8946388], "San Francisco, CA": [37.7790262, -122.419906], "Phoenix, AZ": [33.4484367, -112.074141], "Boston, MA, United States": [42.3554334, -71.060511], "Boston, MA": [42.3554334, -71.060511], "Newton, MA": [42.3370414, -71.2092214], "Cape Cod, MA": [41.7016936, -70.3036163], "Framingham, MA": [42.2773177, -71.4165905], "New York, NY": [40.7127281, -74.0060152], "Toronto, Canada": [43.6534817, -79.3839347], "Dearborn, MI": [42.3222599, -83.1763145], "Nashville, TN": [36.1622767, -86.7742984], "Chicago, IL": [41.8755616, -87.6244212], "Lake Geneva, IL": [42.5916836, -88.4334301], "Denver, CO, USA": [39.7392364, -104.984862], "Elmhurst, IL": [41.8994745, -87.9403418], "Twinsburg, OH": [41.3125552, -81.4401129], "Louisville, KY": [38.2542376, -85.759407], "St. Louis, MO": [38.6319657, -90.2428756], "Bellevue, WA": [47.6144219, -122.192337], "Tampa, FL": [27.9477595, -82.458444], "Atlanta, Georgia, USA": [33.7489924, -84.3902644], "Jacksonville, FL": [30.3321838, -81.655651], "St. Petersburg, FL": [27.7703796, -82.6695085], "Indianapolis, IN": [39.7683331, -86.1583502], "Orlando, FL": [28.5421109, -81.3790304], "Baltimore, MD": [39.2908816, -76.610759], "Denver, CO": [39.7392364, -104.984862], "Albuquerque, NM": [35.0841034, -106.650985], "Overland Park, Kansas, United States": [38.9742502, -94.6851702], "Dallas, TX": [32.7762719, -96.7968559], "Tulsa, OK": [36.1563122, -95.9927436], "Dallas, Texas": [32.7762719, -96.7968559], "Reston, VA": [38.9583737, -77.3579805], "Gonzales, LA": [36.5080741, -121.4447041], "Charlotte, NC": [35.2272086, -80.8430827], "Austin, TX": [30.2711286, -97.7436995], "Burbank, CA": [34.1816482, -118.3258554], "Houston, TX": [29.7589382, -95.3676974], "Palm Springs, CA": [33.8246269, -116.540303], "New Orleans, LA": [29.9759983, -90.0782127], "Atlanta, GA": [33.7489924, -84.3902644], "La Grande Motte, FRANCE": [43.5602672, 4.0860222], "Paris, France": [48.8588897, 2.3200410217200766], "Windsor, UK": [51.4800285, -0.6125716], "Lyon, France": [45.7578137, 4.8320114], "Montreal, QC Canada": [45.5031824, -73.5698065], "London, England": [51.5073219, -0.1276474], "Munich, Germany": [48.1371079, 11.5753822], "Budapest, Hungary": [47.4979937, 19.0403594], "Warsaw, Mazowieckie, Poland": [52.2337172, 21.071432235636493], "Israel": [32.6307267, 35.3488686], "Stockholm, Sweden": [59.3251172, 18.0710935], "London, UK": [51.5073219, -0.1276474], "LYON, France": [45.7578137, 4.8320114], "LYON France, Rhones, France": [45.7578137, 4.8320114], "Dusseldorf, Germany": [51.2254018, 6.7763137], "Nantes, France": [47.2186371, -1.5541362], "Lepp\u00e4virta, Lepp\u00e4virta, Finland": [62.4894313, 27.7860813], "Zurich, Switzerland": [47.3744489, 8.5410422], "Oslo, Norway": [59.9133301, 10.7389701], "Munich, Bavaria, Germany": [48.1371079, 11.5753822], "Vienna, Austria": [48.2083537, 16.3725042], "Budapest, Pest v\u00e1rmegye, Hungary": [47.1913238, 19.2380905], "Milan, Italy ": [45.4641943, 9.1896346], "Montr\u00e9al, Qu\u00e9bec, Canada": [45.5031824, -73.5698065], "Avignon, France": [43.9492493, 4.8059012], "Milan, Italy": [45.4641943, 9.1896346], "Auckland, New Zealand": [-36.852095, 174.7631803], "Freiburg, Baden-W\u00fcrttemberg, Germany": [47.9960901, 7.8494005], "Tahoe, NV": [38.9332411, -119.9843482], "Modesto, CA": [37.6390972, -120.9968782], "Santa Clara, CA": [37.3541132, -121.955174], "Fresno, CA": [36.7295295, -119.70886126075588], "Sacramento, CA": [38.5810606, -121.493895], "Long Beach, CA": [33.7690164, -118.191604], "Paris": [48.8588897, 2.3200410217200766], "Fortaleza, Brazil": [-3.7304512, -38.5217989], "Toulouse": [43.6044622, 1.4442469], "Gda\u0144sk, Pomorskie, Poland": [54.42880315, 18.79832701217957], "Berg en Dal, Netherlands": [51.811356599999996, 5.917025692367215], "St. Petersburg, Russia": [59.938732, 30.316229], "New Brunswick, NJ, New Jersey, USA": [40.4862174, -74.4518173], "Toulouse-Labege, France": [43.6044622, 1.4442469], "Orlando, FL, USA": [28.5421109, -81.3790304], "Los Angeles, CA": [34.0536909, -118.242766], "Portland, OR": [45.5202471, -122.674194], "Philadelphia, PA": [39.9527237, -75.1635262], "Vancouver, Canada": [49.2608724, -123.113952], "Irvine, CA": [33.6856969, -117.8259819], "Costa Mesa, CA": [33.6633386, -117.903317], "Raleigh, North Carolina, United States": [35.7803977, -78.6390989], "Anaheim, CA": [33.8347516, -117.911732], "Hartford, CT": [41.764582, -72.6908547], "WILMINGTON,  Delaware": [39.7459468, -75.546589], "Albany, NY": [42.6511674, -73.754968], "Burlington, VT": [44.4761601, -73.212906], "Danvers, MA": [42.566751, -70.9368313], "Krakow, Poland": [50.0619474, 19.9368564], "Kiev, Ukraine": [50.4500336, 30.5241361], "Seattle, WA": [47.6038321, -122.330062], "Richmond, BC": [49.163168, -123.137414], "Morristown, NJ, US": [40.7992398, -74.47743585359405], "King of Prussia, PA": [40.0908111, -75.3832484], "Washington Dc, DC": [38.8950368, -77.0365427], "Redmond, Oregon": [47.6694141, -122.1238767], "Czech Republic": [50.0874654, 14.4212535], "Manchester, UK": [53.4794892, -2.2451148], "Miami, FL": [25.7741728, -80.19362], "Helsinki, Finland": [60.1674881, 24.9427473], "Sweden": [44.133435, -70.822678], "Vancouver, WA": [45.6306954, -122.6744557], "Moscow, Russia": [55.7504461, 37.6174943], "Riga, Latvia": [56.9493977, 24.1051846], "Torrevieja, Spain": [37.9775416, -0.6828446], "Singapore": [1.2899175, 103.8519072], "Moscow, Russian ": [55.7505412, 37.6174782], "Crimea, Ukraine": [22.5563009, -81.1782686], "Ufa, Bashkortostan Republic, Russia": [54.7261409, 55.947499], "Kazan, Russia": [55.7823547, 49.1242266], "Las Vegas, NV": [36.1672559, -115.148516], "Blackpool, UK": [53.8179442, -3.0509812], "Bathgate, Scotland": [55.9009224, -3.6414828], "Edinburgh, Scotland": [55.9533456, -3.1883749], "Trondheim, Norway": [63.4305658, 10.3951929], "Glasgow, Scotland": [55.8609825, -4.2488787], "Gr\u00e4smyr, Sweden": [63.7674774, 19.6180725], "San Diego, CA": [32.7174202, -117.1627728], "Burlington, MA": [36.0956918, -79.4377991], "Buffalo, NY": [42.8867166, -78.8783922], "Utrecht, Netherlands": [52.080985600000005, 5.12768396945229], "Medford, OR": [42.3264181, -122.8718605], "Calgary, Alberta, Canada": [51.0460954, -114.065465], "Burlingame, CA": [37.5780965, -122.3473099], "Oakland, CA": [37.8044557, -122.271356], "Seoul, South Korea": [37.5666791, 126.9782914], "San Jose, CA": [37.3361663, -121.890591], "Concord CA": [37.9768525, -122.0335624], "Herndon, VA": [38.9695316, -77.3859479], "Rockville, MD": [39.0817985, -77.1516844], "Windsor, United Kindom": [51.4800285, -0.6125716], "Seoul, Korea": [37.5666791, 126.9782914], "Sydney, NSW, Australia": [-33.8698439, 151.2082848], "Gold Coast, Australia": [-28.0023731, 153.4145987], "Melbourne, Australia": [-37.8142176, 144.9631608], "Buena Park, CA": [33.870413, -117.9962165], "Perth, Australia": [-31.9558964, 115.8605801], "Gold Coast, Queensland": [-28.0023731, 153.4145987], "Adelaide, Australia": [-34.9281805, 138.5999312], "Hunter Valley, Australia": [35.73754725, -78.86011587258497], "Adelaide, South Australia, Australia": [-34.9281805, 138.5999312], "Queensland, Australia": [44.6513461, -63.9984904], "Sydney, Australia ": [-33.8698439, 151.2082848], "Lancaster, CA": [34.6981064, -118.1366153], "Budapest, Budapest, Hungary": [47.4979937, 19.0403594], "G\u00e4vle, Sweden": [60.6750132, 17.1467019], "Timisoara, Romania": [45.7538355, 21.2257474], "Ft. Lauderdale, FL": [26.1223084, -80.1433786], "Bristol, England": [51.4538022, -2.5972985], "Spokane, WA": [47.6571934, -117.42351], "Tallinn, Estonia": [59.4372155, 24.7453688], "Tel Aviv, Isreal": [32.0852997, 34.7818064], "Hamburg, Germany": [53.550341, 10.000654], "Warsaw, Poland": [52.2319581, 21.0067249], "Sao Paulo, Brazil": [-23.5506507, -46.6333824], "Reno, NV": [39.5261206, -119.8126581], "Woodland Hills, CA": [34.1684364, -118.6058382], "Bakersfield, CA": [35.3738712, -119.0194639], "Eilat, Israel": [29.554030599999997, 34.94527476661743],